{"RuleTriggered": 6, "Violations": 6, "Details": {"algo-1": {"cpu": {"p25": 26.2075, "p50": 30.53, "p75": 35.015, "p95": 43.9896875, "upper": 48.22625, "lower": 12.996249999999998}, "gpu0": {"p25": 0.0, "p50": 0.0, "p75": 0.0, "p95": 60.0, "upper": 0.0, "lower": 0.0}, "gpu0_memory": {"p25": 0.0, "p50": 0.0, "p75": 0.0, "p95": 63.0, "upper": 0.0, "lower": 0.0}}, "last_timestamp": 1722554280000000}, "Datapoints": 2416, "RuleParameters": "cpu_threshold_p95:70\ngpu_threshold_p95:70\ngpu_memory_threshold_p95:70\npatience:1000\nwindow:500"}