{"RuleTriggered": 0, "Violations": 0, "Details": {"pin_memory": false, "num_workers": 0, "cores": 8, "dataloaders": 1, "dataloading_time": {"p25": 1.678141, "p50": 1.678141, "p95": 1.678141, "probs": [0, 0, 0, 0, 0, 0, 0, 0, 0, 0, 0, 0, 0, 0, 0, 0, 0, 0, 0, 0, 0, 0, 0, 0, 0, 0, 0, 0, 0, 0, 0, 0, 0, 0, 0, 0, 0, 0, 0, 0, 0, 0, 0, 0, 0, 0, 0, 0, 0, 0, 1, 0, 0, 0, 0, 0, 0, 0, 0, 0, 0, 0, 0, 0, 0, 0, 0, 0, 0, 0, 0, 0, 0, 0, 0, 0, 0, 0, 0, 0, 0, 0, 0, 0, 0, 0, 0, 0, 0, 0, 0, 0, 0, 0, 0, 0, 0, 0, 0, 0], "binedges": [1.178141, 1.1881410000000001, 1.1981410000000001, 1.2081410000000001, 1.2181410000000001, 1.2281410000000001, 1.2381410000000002, 1.2481410000000002, 1.2581410000000002, 1.2681410000000002, 1.2781410000000002, 1.2881410000000002, 1.2981410000000002, 1.308141, 1.3181410000000002, 1.328141, 1.338141, 1.348141, 1.358141, 1.368141, 1.378141, 1.388141, 1.398141, 1.408141, 1.418141, 1.428141, 1.4381410000000001, 1.4481410000000001, 1.4581410000000001, 1.4681410000000001, 1.4781410000000001, 1.4881410000000002, 1.4981410000000002, 1.5081410000000002, 1.5181410000000002, 1.5281410000000002, 1.538141, 1.5481410000000002, 1.558141, 1.5681410000000002, 1.578141, 1.5881410000000002, 1.598141, 1.608141, 1.618141, 1.628141, 1.638141, 1.648141, 1.658141, 1.668141, 1.678141, 1.6881410000000001, 1.6981410000000001, 1.7081410000000001, 1.7181410000000001, 1.7281410000000001, 1.7381410000000002, 1.7481410000000002, 1.7581410000000002, 1.768141, 1.7781410000000002, 1.788141, 1.7981410000000002, 1.808141, 1.8181410000000002, 1.828141, 1.8381410000000002, 1.848141, 1.8581410000000003, 1.868141, 1.8781410000000003, 1.888141, 1.898141, 1.908141, 1.918141, 1.928141, 1.9381410000000001, 1.9481410000000001, 1.9581410000000001, 1.9681410000000001, 1.9781410000000001, 1.9881410000000002, 1.9981410000000002, 2.008141, 2.018141, 2.028141, 2.038141, 2.048141, 2.058141, 2.0681410000000002, 2.078141, 2.0881410000000002, 2.098141, 2.1081410000000003, 2.118141, 2.1281410000000003, 2.138141, 2.148141, 2.158141, 2.1681410000000003, 2.178141]}}, "Datapoints": 1, "RuleParameters": "min_threshold:70\nmax_threshold:200"}