{"RuleTriggered": 0, "Violations": 74, "Details": {"low_gpu_utilization": 2048, "bottlenecks": {"1722554590.001323": {"GPUs": 1, "CPUs": 1}, "1722554595.501118": {"GPUs": 1, "CPUs": 1}, "1722554596.001387": {"GPUs": 1, "CPUs": 1}, "1722554596.501616": {"GPUs": 1, "CPUs": 1}, "1722554597.001459": {"GPUs": 1, "CPUs": 1}, "1722554597.501578": {"GPUs": 1, "CPUs": 1}, "1722554598.001713": {"GPUs": 1, "CPUs": 1}, "1722554611.001953": {"GPUs": 1, "CPUs": 1}, "1722554612.501479": {"GPUs": 1, "CPUs": 1}, "1722554613.001652": {"GPUs": 1, "CPUs": 1}, "1722554613.501896": {"GPUs": 1, "CPUs": 1}, "1722554614.50113": {"GPUs": 1, "CPUs": 1}, "1722554615.00149": {"GPUs": 1, "CPUs": 1}, "1722554615.501572": {"GPUs": 1, "CPUs": 1}, "1722554616.001701": {"GPUs": 1, "CPUs": 1}, "1722554616.501718": {"GPUs": 1, "CPUs": 1}, "1722554617.00181": {"GPUs": 1, "CPUs": 1}, "1722554617.501976": {"GPUs": 1, "CPUs": 1}, "1722554618.001246": {"GPUs": 1, "CPUs": 1}, "1722554618.501265": {"GPUs": 1, "CPUs": 1}, "1722554619.501721": {"GPUs": 1, "CPUs": 1}, "1722554621.001212": {"GPUs": 1, "CPUs": 1}, "1722554621.501336": {"GPUs": 1, "CPUs": 1}, "1722554622.001501": {"GPUs": 1, "CPUs": 1}, "1722554625.001675": {"GPUs": 1, "CPUs": 1}, "1722554634.001498": {"GPUs": 1, "CPUs": 1}, "1722554641.501535": {"GPUs": 1, "CPUs": 1}, "1722554717.5018": {"GPUs": 1, "CPUs": 1}, "1722554718.001837": {"GPUs": 1, "CPUs": 1}, "1722554718.501928": {"GPUs": 1, "CPUs": 1}, "1722554719.001166": {"GPUs": 1, "CPUs": 1}, "1722554719.501287": {"GPUs": 1, "CPUs": 1}, "1722554720.001499": {"GPUs": 1, "CPUs": 1}, "1722554720.501532": {"GPUs": 1, "CPUs": 1}, "1722554721.001657": {"GPUs": 1, "CPUs": 1}, "1722554721.501907": {"GPUs": 1, "CPUs": 1}, "1722554722.001217": {"GPUs": 1, "CPUs": 1}, "1722554722.501333": {"GPUs": 1, "CPUs": 1}, "1722554723.001498": {"GPUs": 1, "CPUs": 1}, "1722554733.501734": {"GPUs": 1, "CPUs": 1}, "1722554737.001458": {"GPUs": 1, "CPUs": 1}, "1722554740.501642": {"GPUs": 1, "CPUs": 1}, "1722554742.001688": {"GPUs": 1, "CPUs": 1}, "1722554742.501867": {"GPUs": 1, "CPUs": 1}, "1722554743.001971": {"GPUs": 1, "CPUs": 1}, "1722554744.001181": {"GPUs": 1, "CPUs": 1}, "1722554744.50139": {"GPUs": 1, "CPUs": 1}, "1722555509.501662": {"GPUs": 1, "CPUs": 1}, "1722555510.001659": {"GPUs": 1, "CPUs": 1}, "1722555510.50188": {"GPUs": 1, "CPUs": 1}, "1722555511.001063": {"GPUs": 1, "CPUs": 1}, "1722555511.501325": {"GPUs": 1, "CPUs": 1}, "1722555512.001443": {"GPUs": 1, "CPUs": 1}, "1722555512.501658": {"GPUs": 1, "CPUs": 1}, "1722555513.001621": {"GPUs": 1, "CPUs": 1}, "1722555513.501468": {"GPUs": 1, "CPUs": 1}, "1722555514.001476": {"GPUs": 1, "CPUs": 1}, "1722555514.501718": {"GPUs": 1, "CPUs": 1}, "1722555515.001775": {"GPUs": 1, "CPUs": 1}, "1722555515.501926": {"GPUs": 1, "CPUs": 1}, "1722555516.001088": {"GPUs": 1, "CPUs": 1}, "1722555518.001149": {"GPUs": 1, "CPUs": 1}, "1722555518.501355": {"GPUs": 1, "CPUs": 1}, "1722555519.501486": {"GPUs": 1, "CPUs": 1}, "1722555522.001149": {"GPUs": 1, "CPUs": 1}, "1722555523.501699": {"GPUs": 1, "CPUs": 1}, "1722555525.50136": {"GPUs": 1, "CPUs": 1}, "1722555527.501727": {"GPUs": 1, "CPUs": 1}, "1722555528.50107": {"GPUs": 1, "CPUs": 1}, "1722555529.000923": {"GPUs": 1, "CPUs": 1}, "1722555530.001862": {"GPUs": 1, "CPUs": 1}, "1722555537.501913": {"GPUs": 1, "CPUs": 1}, "1722555538.001899": {"GPUs": 1, "CPUs": 1}, "1722555539.001164": {"GPUs": 1, "CPUs": 1}}}, "Datapoints": 2418, "RuleParameters": "threshold:50\nio_threshold:50\ngpu_threshold:10\npatience:1000"}