{"RuleTriggered": 0, "Violations": 0, "Details": {"step_num": {"first": 1722554601377876, "last": 1722555539078904}, "job_start": 1722554331.500935, "job_end": 1722555539.501699}, "Datapoints": 580, "RuleParameters": "threshold:20"}