{"RuleTriggered": 0, "Violations": 0, "Details": {"ratio": {"gpu_functions-dev:0": 50.57193800219788, "cpu_functions": 49.42806199780211}, "phase": {"Step:ModeKeys.TRAIN": 9.39956217039713, "others": 87.22890846411987, "Step:ModeKeys.EVAL": 3.3715293654829956}, "phase_time": {}, "CPU": {"aten::conv2d": 10.008738804767498, "aten::convolution": 9.997683642596742, "aten::_convolution": 9.992100627317098, "aten::cudnn_convolution": 9.984442789337788, "aten::to": 19.20141499740449, "aten::copy_": 19.310042260653955, "aten::linear": 3.5455393885687565, "aten::addmm": 3.544897935749393, "enumerate(DataLoader)#_SingleProcessDataLoaderIter.__next__": 14.41513955360427}, "CPU_total": {"aten::conv2d": 1263862, "aten::convolution": 1262466, "aten::_convolution": 1261761, "aten::cudnn_convolution": 1260794, "aten::to": 2424675, "aten::copy_": 2438392, "aten::linear": 447716, "aten::addmm": 447635, "enumerate(DataLoader)#_SingleProcessDataLoaderIter.__next__": 1820284}, "GPU": {"aten::conv2d": 10.35690854608699, "aten::convolution": 10.350712407314136, "aten::_convolution": 10.346714646060438, "aten::cudnn_convolution": 10.340307275283962, "aten::to": 18.62201003054728, "aten::copy_": 18.737772991938602, "aten::linear": 3.5026647308427044, "aten::addmm": 3.5020545050544687, "enumerate(DataLoader)#_SingleProcessDataLoaderIter.__next__": 14.240854866871421}, "GPU_total": {"aten::conv2d": 1323836, "aten::convolution": 1323044, "aten::_convolution": 1322533, "aten::cudnn_convolution": 1321714, "aten::to": 2380294, "aten::copy_": 2395091, "aten::linear": 447716, "aten::addmm": 447638, "enumerate(DataLoader)#_SingleProcessDataLoaderIter.__next__": 1820288}, "general": {"DataLoaderIterInitialize": 0.002554132122562137, "DataLoaderIter": 2.5528253926673896, "Forward": 97.44462047521006}}, "Datapoints": 0, "RuleParameters": ""}