{"RuleTriggered": 0, "Violations": 0, "Details": {"step_details": {"algo-1-33": {"step_stats": {"mean": 0.09137401550387599, "max": 17.605695, "p99": 0.028031, "p95": 0.02742675, "p50": 0.022748499999999998, "min": 0.021446}, "number_of_outliers": 2, "phase": "Step:ModeKeys.TRAIN", "stddev": 1.03, "probs": [513, 0, 0, 0, 0, 0, 0, 0, 0, 0, 0, 0, 0, 0, 0, 0, 0, 0, 0, 0, 0, 0, 0, 0, 0, 0, 0, 0, 0, 0, 0, 0, 0, 0, 0, 0, 0, 0, 0, 0, 0, 0, 0, 0, 0, 0, 0, 0, 0, 0, 0, 0, 0, 0, 0, 0, 0, 0, 0, 0, 0, 0, 0, 0, 0, 0, 0, 0, 0, 0, 0, 0, 0, 0, 0, 0, 0, 0, 0, 0, 0, 0, 0, 0, 0, 0, 0, 0, 0, 0, 0, 0, 0, 0, 0, 0, 0, 0, 0, 1], "binedges": [0.021446, 0.042383939999999995, 0.06332188, 0.08425981999999999, 0.10519776, 0.1261357, 0.14707363999999998, 0.16801158, 0.18894951999999998, 0.20988745999999997, 0.2308254, 0.25176334, 0.27270128, 0.29363922, 0.31457716, 0.3355151, 0.35645304, 0.37739098, 0.39832892, 0.41926686, 0.4402048, 0.46114274, 0.48208068, 0.50301862, 0.5239565599999999, 0.5448945, 0.5658324399999999, 0.5867703799999999, 0.60770832, 0.6286462599999999, 0.6495842, 0.6705221399999999, 0.6914600799999999, 0.71239802, 0.7333359599999999, 0.7542738999999999, 0.7752118399999999, 0.7961497799999999, 0.81708772, 0.8380256599999999, 0.8589635999999999, 0.8799015399999999, 0.9008394799999999, 0.92177742, 0.9427153599999999, 0.9636532999999999, 0.9845912399999999, 1.00552918, 1.02646712, 1.04740506, 1.068343, 1.08928094, 1.11021888, 1.13115682, 1.15209476, 1.1730327, 1.19397064, 1.21490858, 1.23584652, 1.25678446, 1.2777224, 1.29866034, 1.31959828, 1.34053622, 1.36147416, 1.3824121, 1.40335004, 1.42428798, 1.44522592, 1.46616386, 1.4871018, 1.50803974, 1.52897768, 1.54991562, 1.57085356, 1.5917915, 1.61272944, 1.63366738, 1.65460532, 1.67554326, 1.6964812, 1.71741914, 1.7383570799999999, 1.75929502, 1.78023296, 1.8011709, 1.82210884, 1.8430467799999999, 1.86398472, 1.88492266, 1.9058606, 1.92679854, 1.9477364799999999, 1.96867442, 1.98961236, 2.0105503, 2.03148824, 2.05242618, 2.07336412, 2.09430206, 2.11524], "step_numbers": ["0", "500"]}}}, "Datapoints": 580, "RuleParameters": "threshold:3\nmode:None\nn_outliers:10\nstddev:3"}